{"cameraMode":{"drawMode":0,"name":"Shaded","section":"Shading Mode"},"sceneLighting":false,"audioPlay":false,"sceneViewState":{"showFog":true,"showMaterialUpdate":true,"showSkybox":true,"showFlares":true,"showImageEffects":true,"showParticleSystems":true},"in2DMode":false,"pivot":{"x":26.524648666381837,"y":-5.051543235778809,"z":9.377042770385743},"rotation":{"x":-0.11436392366886139,"y":-0.32897499203681948,"z":0.04016466811299324,"w":-0.9365370273590088},"size":32.458492279052737,"orthographic":false}